[{"model": "admin.logentry", "pk": 1, "fields": {"action_time": "2021-08-13T09:46:20.374Z", "user": 2, "content_type": 4, "object_id": "1", "object_repr": "root", "action_flag": 3, "change_message": ""}}, {"model": "admin.logentry", "pk": 2, "fields": {"action_time": "2021-08-13T09:51:55.257Z", "user": 2, "content_type": 7, "object_id": "1", "object_repr": "Product object (1)", "action_flag": 1, "change_message": "[{\"added\": {}}]"}}, {"model": "admin.logentry", "pk": 3, "fields": {"action_time": "2021-08-13T10:16:23.130Z", "user": 2, "content_type": 7, "object_id": "1", "object_repr": "Airpods Wireless Bluetooth Headphones | Apple | 12999.00", "action_flag": 2, "change_message": "[{\"changed\": {\"fields\": [\"Image\"]}}]"}}, {"model": "admin.logentry", "pk": 4, "fields": {"action_time": "2021-08-13T10:33:36.271Z", "user": 2, "content_type": 7, "object_id": "2", "object_repr": "iPhone 11 Pro 256GB Memory | Apple | 90000", "action_flag": 1, "change_message": "[{\"added\": {}}]"}}, {"model": "admin.logentry", "pk": 5, "fields": {"action_time": "2021-08-13T10:34:42.636Z", "user": 2, "content_type": 7, "object_id": "3", "object_repr": "Cannon EOS 80D DSLR Camera | Canon | 85000", "action_flag": 1, "change_message": "[{\"added\": {}}]"}}, {"model": "admin.logentry", "pk": 6, "fields": {"action_time": "2021-08-13T10:35:51.749Z", "user": 2, "content_type": 7, "object_id": "4", "object_repr": "Sony Playstation 4 Pro White Version | Sony | 29999", "action_flag": 1, "change_message": "[{\"added\": {}}]"}}, {"model": "admin.logentry", "pk": 7, "fields": {"action_time": "2021-08-13T10:36:49.331Z", "user": 2, "content_type": 7, "object_id": "5", "object_repr": "Logitech G-Series Gaming Mouse | Logitech | 3499", "action_flag": 1, "change_message": "[{\"added\": {}}]"}}, {"model": "admin.logentry", "pk": 8, "fields": {"action_time": "2021-08-13T10:37:40.649Z", "user": 2, "content_type": 7, "object_id": "6", "object_repr": "Amazon Echo Dot 3rd Generation | Amazon | 2999", "action_flag": 1, "change_message": "[{\"added\": {}}]"}}, {"model": "admin.logentry", "pk": 9, "fields": {"action_time": "2021-08-15T07:42:38.938Z", "user": 2, "content_type": 4, "object_id": "2", "object_repr": "kritebh", "action_flag": 2, "change_message": "[{\"changed\": {\"fields\": [\"Email address\"]}}]"}}, {"model": "admin.logentry", "pk": 10, "fields": {"action_time": "2021-08-16T10:38:24.257Z", "user": 2, "content_type": 4, "object_id": "3", "object_repr": "harsh", "action_flag": 2, "change_message": "[{\"changed\": {\"fields\": [\"First name\", \"Last name\"]}}]"}}, {"model": "admin.logentry", "pk": 11, "fields": {"action_time": "2021-08-16T10:39:47.337Z", "user": 2, "content_type": 4, "object_id": "3", "object_repr": "harsh", "action_flag": 2, "change_message": "[{\"changed\": {\"fields\": [\"Email address\"]}}]"}}, {"model": "admin.logentry", "pk": 12, "fields": {"action_time": "2021-08-16T11:07:50.776Z", "user": 2, "content_type": 4, "object_id": "4", "object_repr": "john@email.com", "action_flag": 2, "change_message": "[{\"changed\": {\"fields\": [\"Email address\"]}}]"}}, {"model": "admin.logentry", "pk": 13, "fields": {"action_time": "2021-08-16T11:09:53.691Z", "user": 2, "content_type": 4, "object_id": "3", "object_repr": "harsh.nishant.supersta@gmail.com", "action_flag": 2, "change_message": "[{\"changed\": {\"fields\": [\"Email address\"]}}]"}}, {"model": "admin.logentry", "pk": 14, "fields": {"action_time": "2021-08-16T11:09:59.402Z", "user": 2, "content_type": 4, "object_id": "3", "object_repr": "harsh.nishant.superstar@gmail.com", "action_flag": 2, "change_message": "[{\"changed\": {\"fields\": [\"Email address\"]}}]"}}, {"model": "admin.logentry", "pk": 15, "fields": {"action_time": "2021-08-16T11:10:21.636Z", "user": 2, "content_type": 4, "object_id": "2", "object_repr": "kritebhlaganbibhaka@gmail.com", "action_flag": 2, "change_message": "[{\"changed\": {\"fields\": [\"Email address\"]}}]"}}, {"model": "admin.logentry", "pk": 16, "fields": {"action_time": "2021-08-16T11:10:27.791Z", "user": 2, "content_type": 4, "object_id": "2", "object_repr": "kritebhlaganbibhakar@gmail.com", "action_flag": 2, "change_message": "[{\"changed\": {\"fields\": [\"Email address\"]}}]"}}, {"model": "admin.logentry", "pk": 17, "fields": {"action_time": "2021-08-20T11:12:08.635Z", "user": 2, "content_type": 10, "object_id": "1", "object_repr": "None", "action_flag": 1, "change_message": "[{\"added\": {}}]"}}, {"model": "admin.logentry", "pk": 18, "fields": {"action_time": "2021-08-20T11:12:15.063Z", "user": 2, "content_type": 10, "object_id": "1", "object_repr": "None", "action_flag": 3, "change_message": ""}}, {"model": "admin.logentry", "pk": 19, "fields": {"action_time": "2021-08-25T17:04:29.049Z", "user": 3, "content_type": 10, "object_id": "6", "object_repr": "None", "action_flag": 2, "change_message": "[{\"changed\": {\"fields\": [\"IsPaid\", \"PaidAt\", \"IsDeliver\", \"DeliveredAt\"]}}]"}}, {"model": "admin.logentry", "pk": 20, "fields": {"action_time": "2021-08-26T05:06:22.024Z", "user": 3, "content_type": 4, "object_id": "3", "object_repr": "harsh.nishant.superstar@gmail.com", "action_flag": 2, "change_message": "[{\"changed\": {\"fields\": [\"Username\", \"First name\", \"Last name\"]}}]"}}, {"model": "admin.logentry", "pk": 21, "fields": {"action_time": "2021-08-28T11:48:52.987Z", "user": 2, "content_type": 10, "object_id": "9", "object_repr": "None", "action_flag": 3, "change_message": ""}}, {"model": "admin.logentry", "pk": 22, "fields": {"action_time": "2021-08-28T11:48:52.997Z", "user": 2, "content_type": 10, "object_id": "8", "object_repr": "None", "action_flag": 3, "change_message": ""}}, {"model": "admin.logentry", "pk": 23, "fields": {"action_time": "2021-08-28T11:48:53.005Z", "user": 2, "content_type": 10, "object_id": "7", "object_repr": "None", "action_flag": 3, "change_message": ""}}, {"model": "admin.logentry", "pk": 24, "fields": {"action_time": "2021-08-28T11:48:53.013Z", "user": 2, "content_type": 10, "object_id": "6", "object_repr": "None", "action_flag": 3, "change_message": ""}}, {"model": "admin.logentry", "pk": 25, "fields": {"action_time": "2021-08-28T11:48:53.021Z", "user": 2, "content_type": 10, "object_id": "5", "object_repr": "None", "action_flag": 3, "change_message": ""}}, {"model": "admin.logentry", "pk": 26, "fields": {"action_time": "2021-08-28T11:48:53.028Z", "user": 2, "content_type": 10, "object_id": "4", "object_repr": "None", "action_flag": 3, "change_message": ""}}, {"model": "admin.logentry", "pk": 27, "fields": {"action_time": "2021-08-28T11:48:53.037Z", "user": 2, "content_type": 10, "object_id": "3", "object_repr": "None", "action_flag": 3, "change_message": ""}}, {"model": "admin.logentry", "pk": 28, "fields": {"action_time": "2021-08-28T11:48:53.046Z", "user": 2, "content_type": 10, "object_id": "2", "object_repr": "None", "action_flag": 3, "change_message": ""}}, {"model": "admin.logentry", "pk": 29, "fields": {"action_time": "2021-08-28T11:48:53.054Z", "user": 2, "content_type": 10, "object_id": "1", "object_repr": "None", "action_flag": 3, "change_message": ""}}, {"model": "admin.logentry", "pk": 30, "fields": {"action_time": "2021-08-28T12:30:02.842Z", "user": 2, "content_type": 10, "object_id": "10", "object_repr": "2021-08-28 11:49:27.118727+00:00", "action_flag": 2, "change_message": "[]"}}, {"model": "admin.logentry", "pk": 31, "fields": {"action_time": "2021-09-03T12:40:13.493Z", "user": 2, "content_type": 10, "object_id": "10", "object_repr": "2021-08-28 11:49:27.118727+00:00", "action_flag": 2, "change_message": "[{\"changed\": {\"fields\": [\"IsDeliver\"]}}]"}}, {"model": "admin.logentry", "pk": 32, "fields": {"action_time": "2021-09-03T12:40:32.870Z", "user": 2, "content_type": 10, "object_id": "10", "object_repr": "2021-08-28 11:49:27.118727+00:00", "action_flag": 2, "change_message": "[{\"changed\": {\"fields\": [\"DeliveredAt\"]}}]"}}, {"model": "admin.logentry", "pk": 33, "fields": {"action_time": "2021-09-03T12:41:00.376Z", "user": 2, "content_type": 10, "object_id": "11", "object_repr": "2021-09-03 04:54:32.669053+00:00", "action_flag": 2, "change_message": "[{\"changed\": {\"fields\": [\"IsPaid\", \"PaidAt\"]}}]"}}, {"model": "admin.logentry", "pk": 34, "fields": {"action_time": "2021-09-05T15:39:20.010Z", "user": 2, "content_type": 7, "object_id": "7", "object_repr": "Dummy Product | Passion Fruit | 10", "action_flag": 1, "change_message": "[{\"added\": {}}]"}}, {"model": "admin.logentry", "pk": 35, "fields": {"action_time": "2021-09-05T16:27:41.120Z", "user": 2, "content_type": 7, "object_id": "7", "object_repr": "Demo | demo | None", "action_flag": 1, "change_message": "[{\"added\": {}}]"}}, {"model": "admin.logentry", "pk": 36, "fields": {"action_time": "2021-09-05T16:37:50.324Z", "user": 2, "content_type": 7, "object_id": "2", "object_repr": "iPhone 11 Pro 256GB Memory | Apple | 90000.00", "action_flag": 2, "change_message": "[{\"changed\": {\"fields\": [\"CountInStock\"]}}]"}}, {"model": "admin.logentry", "pk": 37, "fields": {"action_time": "2021-09-06T18:23:46.586Z", "user": 3, "content_type": 7, "object_id": "10", "object_repr": "test | aaa | 100000000", "action_flag": 1, "change_message": "[{\"added\": {}}]"}}, {"model": "admin.logentry", "pk": 38, "fields": {"action_time": "2021-09-09T08:11:28.193Z", "user": 2, "content_type": 11, "object_id": "1", "object_repr": "3", "action_flag": 2, "change_message": "[]"}}, {"model": "admin.logentry", "pk": 39, "fields": {"action_time": "2021-09-11T11:30:14.650Z", "user": 2, "content_type": 7, "object_id": "6", "object_repr": "Amazon Echo Dot 3rd Generation | Amazon | 2999.00", "action_flag": 2, "change_message": "[{\"changed\": {\"fields\": [\"Image\"]}}]"}}, {"model": "admin.logentry", "pk": 40, "fields": {"action_time": "2021-09-12T07:13:20.710Z", "user": 2, "content_type": 7, "object_id": "7", "object_repr": "Test | Teat | 234", "action_flag": 1, "change_message": "[{\"added\": {}}]"}}, {"model": "admin.logentry", "pk": 41, "fields": {"action_time": "2021-09-12T07:24:04.045Z", "user": 2, "content_type": 7, "object_id": "7", "object_repr": "Test | Teat | 234.00", "action_flag": 3, "change_message": ""}}, {"model": "admin.logentry", "pk": 42, "fields": {"action_time": "2021-09-12T07:24:04.051Z", "user": 2, "content_type": 7, "object_id": "6", "object_repr": "Amazon Echo Dot 3rd Generation | Amazon | 2999.00", "action_flag": 3, "change_message": ""}}, {"model": "admin.logentry", "pk": 43, "fields": {"action_time": "2021-09-12T07:24:04.061Z", "user": 2, "content_type": 7, "object_id": "5", "object_repr": "Logitech G-Series Gaming Mouse | Logitech | 3499.00", "action_flag": 3, "change_message": ""}}, {"model": "admin.logentry", "pk": 44, "fields": {"action_time": "2021-09-12T07:24:04.070Z", "user": 2, "content_type": 7, "object_id": "4", "object_repr": "Sony Playstation 4 Pro White Version | Sony | 29999.00", "action_flag": 3, "change_message": ""}}, {"model": "admin.logentry", "pk": 45, "fields": {"action_time": "2021-09-12T07:24:04.078Z", "user": 2, "content_type": 7, "object_id": "3", "object_repr": "Cannon EOS 80D DSLR Camera | Canon | 85000.00", "action_flag": 3, "change_message": ""}}, {"model": "admin.logentry", "pk": 46, "fields": {"action_time": "2021-09-12T07:24:04.086Z", "user": 2, "content_type": 7, "object_id": "2", "object_repr": "iPhone 11 Pro 256GB Memory | Apple | 90000.00", "action_flag": 3, "change_message": ""}}, {"model": "admin.logentry", "pk": 47, "fields": {"action_time": "2021-09-12T07:24:04.095Z", "user": 2, "content_type": 7, "object_id": "1", "object_repr": "Airpods Wireless Bluetooth Headphones | Apple | 12999.00", "action_flag": 3, "change_message": ""}}, {"model": "admin.logentry", "pk": 48, "fields": {"action_time": "2021-09-12T07:24:32.821Z", "user": 2, "content_type": 7, "object_id": "8", "object_repr": "Test | Apple | 12312", "action_flag": 1, "change_message": "[{\"added\": {}}]"}}, {"model": "admin.logentry", "pk": 49, "fields": {"action_time": "2021-09-12T07:30:27.638Z", "user": 2, "content_type": 7, "object_id": "8", "object_repr": "Test | Apple | 12312.00", "action_flag": 2, "change_message": "[]"}}, {"model": "admin.logentry", "pk": 50, "fields": {"action_time": "2021-09-12T07:30:47.032Z", "user": 2, "content_type": 7, "object_id": "9", "object_repr": "Camera | canon | 54235", "action_flag": 1, "change_message": "[{\"added\": {}}]"}}, {"model": "admin.logentry", "pk": 51, "fields": {"action_time": "2021-09-12T07:34:21.327Z", "user": 2, "content_type": 7, "object_id": "10", "object_repr": " Product Name  | Sample brand  | 0.00", "action_flag": 3, "change_message": ""}}, {"model": "admin.logentry", "pk": 52, "fields": {"action_time": "2024-06-24T17:25:16.730Z", "user": 8, "content_type": 7, "object_id": "26", "object_repr": "Dragon Ball Super - Son Goku & Vegeta Figure | Dragon Ball | 599.00", "action_flag": 2, "change_message": "[{\"changed\": {\"fields\": [\"Description\", \"Price\"]}}]"}}, {"model": "admin.logentry", "pk": 53, "fields": {"action_time": "2024-06-24T19:32:06.138Z", "user": 8, "content_type": 7, "object_id": "26", "object_repr": "Osem Bamba Peanut Butter Puffs 100g | bamba | 5", "action_flag": 2, "change_message": "[{\"changed\": {\"fields\": [\"User\", \"Name\", \"Image\", \"Brand\", \"Category\", \"Description\", \"Price\", \"CountInStock\"]}}]"}}, {"model": "admin.logentry", "pk": 54, "fields": {"action_time": "2024-06-24T19:35:32.791Z", "user": 8, "content_type": 7, "object_id": "25", "object_repr": "Osem Bamba Hazelnut Cream Peanut Butter Snacks All Natural Corn Puffs 60 GR | Osem | 2999.00", "action_flag": 2, "change_message": "[{\"changed\": {\"fields\": [\"User\", \"Name\", \"Image\", \"Brand\", \"Category\", \"Description\"]}}]"}}, {"model": "admin.logentry", "pk": 55, "fields": {"action_time": "2024-06-24T19:35:42.696Z", "user": 8, "content_type": 7, "object_id": "26", "object_repr": "Osem Bamba Peanut Butter Puffs 100g | Osem | 5.00", "action_flag": 2, "change_message": "[{\"changed\": {\"fields\": [\"Brand\"]}}]"}}, {"model": "admin.logentry", "pk": 56, "fields": {"action_time": "2024-06-24T19:36:14.731Z", "user": 8, "content_type": 7, "object_id": "25", "object_repr": "Osem Bamba Hazelnut Cream Peanut Butter Snacks All Natural Corn Puffs 60 GR | Osem | 6", "action_flag": 2, "change_message": "[{\"changed\": {\"fields\": [\"Price\", \"CountInStock\"]}}]"}}, {"model": "admin.logentry", "pk": 57, "fields": {"action_time": "2024-06-24T19:39:25.901Z", "user": 8, "content_type": 7, "object_id": "24", "object_repr": "Cheetos Crunchy Flamin Hot 240G | Cheetos | 10", "action_flag": 2, "change_message": "[{\"changed\": {\"fields\": [\"User\", \"Name\", \"Image\", \"Brand\", \"Category\", \"Description\", \"Price\", \"CountInStock\"]}}]"}}, {"model": "admin.logentry", "pk": 58, "fields": {"action_time": "2024-06-24T19:44:39.798Z", "user": 8, "content_type": 7, "object_id": "23", "object_repr": "DORITOS  SWEET & TANGY BBQ 260G | Doritos | 15", "action_flag": 2, "change_message": "[{\"changed\": {\"fields\": [\"User\", \"Name\", \"Image\", \"Brand\", \"Category\", \"Description\", \"Price\"]}}]"}}, {"model": "admin.logentry", "pk": 59, "fields": {"action_time": "2024-06-25T06:23:18.000Z", "user": 8, "content_type": 7, "object_id": "22", "object_repr": "Lay's Classic Potato Chips Snacks, Gluten Free Chips, Party Size 368G | Lays | 24", "action_flag": 2, "change_message": "[{\"changed\": {\"fields\": [\"User\", \"Name\", \"Brand\", \"Category\", \"Description\", \"Price\", \"CountInStock\"]}}]"}}, {"model": "admin.logentry", "pk": 60, "fields": {"action_time": "2024-06-25T06:25:55.249Z", "user": 8, "content_type": 7, "object_id": "21", "object_repr": "Lay's Potato Chips, Cheddar & Sour Cream 219G | Lays | 10", "action_flag": 2, "change_message": "[{\"changed\": {\"fields\": [\"User\", \"Name\", \"Image\", \"Brand\", \"Category\", \"Description\", \"Price\"]}}]"}}, {"model": "admin.logentry", "pk": 61, "fields": {"action_time": "2024-06-25T06:26:16.642Z", "user": 8, "content_type": 7, "object_id": "22", "object_repr": "Lay's Classic Potato Chips Snacks, Gluten Free Chips, Party Size 368G | Lay's | 24.00", "action_flag": 2, "change_message": "[{\"changed\": {\"fields\": [\"Brand\"]}}]"}}, {"model": "admin.logentry", "pk": 62, "fields": {"action_time": "2024-06-25T06:26:27.619Z", "user": 8, "content_type": 7, "object_id": "21", "object_repr": "Lay's Potato Chips, Cheddar & Sour Cream 219G | Lay's | 10.00", "action_flag": 2, "change_message": "[{\"changed\": {\"fields\": [\"Brand\"]}}]"}}, {"model": "admin.logentry", "pk": 63, "fields": {"action_time": "2024-06-25T06:32:31.684Z", "user": 8, "content_type": 7, "object_id": "20", "object_repr": "Maltesers Popcorn Flavour (130g)  Maltesers Popcorn Flavour (130g) | Maltesers | 15", "action_flag": 2, "change_message": "[{\"changed\": {\"fields\": [\"User\", \"Name\", \"Brand\", \"Category\", \"Description\", \"Price\"]}}]"}}, {"model": "admin.logentry", "pk": 64, "fields": {"action_time": "2024-06-25T06:37:30.670Z", "user": 8, "content_type": 7, "object_id": "19", "object_repr": "Haribo Pink and White Marshmallows, Chamallows Bulk Sweets, 140g | Haribo | 9", "action_flag": 2, "change_message": "[{\"changed\": {\"fields\": [\"User\", \"Name\", \"Brand\", \"Category\", \"Description\", \"Price\"]}}]"}}, {"model": "admin.logentry", "pk": 65, "fields": {"action_time": "2024-06-25T06:41:35.537Z", "user": 8, "content_type": 7, "object_id": "18", "object_repr": "Nerds Gummy Clusters Candy, Rainbow, Resealable 227G | Nerds | 11", "action_flag": 2, "change_message": "[{\"changed\": {\"fields\": [\"User\", \"Name\", \"Image\", \"Brand\", \"Category\", \"Description\", \"Price\"]}}]"}}, {"model": "admin.logentry", "pk": 66, "fields": {"action_time": "2024-06-25T06:44:23.479Z", "user": 8, "content_type": 7, "object_id": "17", "object_repr": "Pop Rocks Crackling Gum 10.5G | Pop Rocks | 2", "action_flag": 2, "change_message": "[{\"changed\": {\"fields\": [\"User\", \"Name\", \"Brand\", \"Category\", \"Description\", \"Price\"]}}]"}}, {"model": "admin.logentry", "pk": 67, "fields": {"action_time": "2024-06-25T06:48:34.509Z", "user": 8, "content_type": 7, "object_id": "14", "object_repr": "Frosted S'Mores Pop-Tarts 8 PCS 384G | Pop Tarts | 16", "action_flag": 2, "change_message": "[{\"changed\": {\"fields\": [\"User\", \"Name\", \"Brand\", \"Category\", \"Description\", \"Price\", \"CountInStock\"]}}]"}}, {"model": "admin.logentry", "pk": 68, "fields": {"action_time": "2024-06-25T06:51:43.902Z", "user": 8, "content_type": 7, "object_id": "16", "object_repr": "Werther’s Original Caramel Popcorn 150G | Storck | 14", "action_flag": 2, "change_message": "[{\"changed\": {\"fields\": [\"User\", \"Name\", \"Image\", \"Brand\", \"Category\", \"Description\", \"Price\", \"CountInStock\"]}}]"}}, {"model": "admin.logentry", "pk": 69, "fields": {"action_time": "2024-06-25T06:53:51.572Z", "user": 8, "content_type": 7, "object_id": "15", "object_repr": "Pringles Original Crisps | Pringles | 8", "action_flag": 2, "change_message": "[{\"changed\": {\"fields\": [\"User\", \"Name\", \"Image\", \"Brand\", \"Category\", \"Description\", \"Price\", \"CountInStock\"]}}]"}}, {"model": "admin.logentry", "pk": 70, "fields": {"action_time": "2024-06-25T06:55:45.642Z", "user": 8, "content_type": 7, "object_id": "13", "object_repr": "Pringles Pizza Crisps 155G | Pringles | 6", "action_flag": 2, "change_message": "[{\"changed\": {\"fields\": [\"User\", \"Name\", \"Image\", \"Brand\", \"Category\", \"Description\", \"Price\", \"CountInStock\"]}}]"}}, {"model": "admin.logentry", "pk": 71, "fields": {"action_time": "2024-06-25T06:56:00.921Z", "user": 8, "content_type": 7, "object_id": "15", "object_repr": "Pringles Original Crisps 155G | Pringles | 8.00", "action_flag": 2, "change_message": "[{\"changed\": {\"fields\": [\"Name\"]}}]"}}, {"model": "admin.logentry", "pk": 72, "fields": {"action_time": "2024-06-25T07:00:21.351Z", "user": 8, "content_type": 7, "object_id": "12", "object_repr": "Sour Patch Kids Extreme Sour 113g | Sour Patch | 6", "action_flag": 2, "change_message": "[{\"changed\": {\"fields\": [\"Name\", \"Brand\", \"Category\", \"Description\", \"Price\", \"CountInStock\"]}}]"}}, {"model": "admin.logentry", "pk": 73, "fields": {"action_time": "2024-06-25T07:04:15.161Z", "user": 8, "content_type": 7, "object_id": "11", "object_repr": "Paskesz Sour Sticks 100G | Paskesz | 3", "action_flag": 2, "change_message": "[{\"changed\": {\"fields\": [\"User\", \"Name\", \"Image\", \"Brand\", \"Category\", \"Description\", \"Price\"]}}]"}}, {"model": "admin.logentry", "pk": 74, "fields": {"action_time": "2024-06-25T07:04:27.291Z", "user": 8, "content_type": 7, "object_id": "12", "object_repr": "Sour Patch Kids Extreme Sour 113g | Sour Patch | 6.00", "action_flag": 2, "change_message": "[{\"changed\": {\"fields\": [\"Image\"]}}]"}}, {"model": "admin.logentry", "pk": 75, "fields": {"action_time": "2024-06-25T07:05:47.989Z", "user": 8, "content_type": 7, "object_id": "20", "object_repr": "Maltesers Popcorn Flavour (130g)  Maltesers Popcorn Flavour (130g) | Maltesers | 15.00", "action_flag": 2, "change_message": "[{\"changed\": {\"fields\": [\"Image\"]}}]"}}, {"model": "admin.logentry", "pk": 76, "fields": {"action_time": "2024-06-25T07:06:23.711Z", "user": 8, "content_type": 7, "object_id": "22", "object_repr": "Lay's Classic Potato Chips Snacks, Gluten Free Chips, Party Size 368G | Lay's | 24.00", "action_flag": 2, "change_message": "[{\"changed\": {\"fields\": [\"Image\"]}}]"}}, {"model": "admin.logentry", "pk": 77, "fields": {"action_time": "2024-06-25T07:06:56.461Z", "user": 8, "content_type": 7, "object_id": "17", "object_repr": "Pop Rocks Crackling Gum 10.5G | Pop Rocks | 2.00", "action_flag": 2, "change_message": "[{\"changed\": {\"fields\": [\"Image\"]}}]"}}, {"model": "admin.logentry", "pk": 78, "fields": {"action_time": "2024-06-25T07:07:32.492Z", "user": 8, "content_type": 7, "object_id": "14", "object_repr": "Frosted S'Mores Pop-Tarts 8 PCS 384G | Pop Tarts | 16.00", "action_flag": 2, "change_message": "[{\"changed\": {\"fields\": [\"Image\"]}}]"}}, {"model": "admin.logentry", "pk": 79, "fields": {"action_time": "2024-06-25T19:16:36.512Z", "user": 9, "content_type": 7, "object_id": "26", "object_repr": "Osem Bamba Peanut Butter Puffs 100g | Osem | 5.00", "action_flag": 2, "change_message": "[{\"changed\": {\"fields\": [\"Image\"]}}]"}}, {"model": "admin.logentry", "pk": 80, "fields": {"action_time": "2024-06-25T19:16:46.424Z", "user": 9, "content_type": 7, "object_id": "25", "object_repr": "Osem Bamba Hazelnut Cream Peanut Butter Snacks All Natural Corn Puffs 60 GR | Osem | 6.00", "action_flag": 2, "change_message": "[{\"changed\": {\"fields\": [\"Image\"]}}]"}}, {"model": "admin.logentry", "pk": 81, "fields": {"action_time": "2024-06-25T19:16:54.889Z", "user": 9, "content_type": 7, "object_id": "24", "object_repr": "Cheetos Crunchy Flamin Hot 240G | Cheetos | 10.00", "action_flag": 2, "change_message": "[{\"changed\": {\"fields\": [\"Image\"]}}]"}}, {"model": "admin.logentry", "pk": 82, "fields": {"action_time": "2024-06-25T19:17:05.495Z", "user": 9, "content_type": 7, "object_id": "23", "object_repr": "DORITOS  SWEET & TANGY BBQ 260G | Doritos | 15.00", "action_flag": 2, "change_message": "[{\"changed\": {\"fields\": [\"Image\"]}}]"}}, {"model": "admin.logentry", "pk": 83, "fields": {"action_time": "2024-06-25T19:17:26.953Z", "user": 9, "content_type": 7, "object_id": "22", "object_repr": "Lay's Classic Potato Chips Snacks, Gluten Free Chips, Party Size 368G | Lay's | 24.00", "action_flag": 2, "change_message": "[{\"changed\": {\"fields\": [\"Image\"]}}]"}}, {"model": "admin.logentry", "pk": 84, "fields": {"action_time": "2024-06-25T19:17:39.761Z", "user": 9, "content_type": 7, "object_id": "21", "object_repr": "Lay's Potato Chips, Cheddar & Sour Cream 219G | Lay's | 10.00", "action_flag": 2, "change_message": "[{\"changed\": {\"fields\": [\"Image\"]}}]"}}, {"model": "admin.logentry", "pk": 85, "fields": {"action_time": "2024-06-25T19:17:50.451Z", "user": 9, "content_type": 7, "object_id": "20", "object_repr": "Maltesers Popcorn Flavour (130g)  Maltesers Popcorn Flavour (130g) | Maltesers | 15.00", "action_flag": 2, "change_message": "[{\"changed\": {\"fields\": [\"Image\"]}}]"}}, {"model": "admin.logentry", "pk": 86, "fields": {"action_time": "2024-06-25T19:18:09.019Z", "user": 9, "content_type": 7, "object_id": "19", "object_repr": "Haribo Pink and White Marshmallows, Chamallows Bulk Sweets, 140g | Haribo | 9.00", "action_flag": 2, "change_message": "[{\"changed\": {\"fields\": [\"Image\"]}}]"}}, {"model": "admin.logentry", "pk": 87, "fields": {"action_time": "2024-06-25T19:18:20.872Z", "user": 9, "content_type": 7, "object_id": "18", "object_repr": "Nerds Gummy Clusters Candy, Rainbow, Resealable 227G | Nerds | 11.00", "action_flag": 2, "change_message": "[{\"changed\": {\"fields\": [\"Image\"]}}]"}}, {"model": "admin.logentry", "pk": 88, "fields": {"action_time": "2024-06-25T19:18:38.555Z", "user": 9, "content_type": 7, "object_id": "17", "object_repr": "Pop Rocks Crackling Gum 10.5G | Pop Rocks | 2.00", "action_flag": 2, "change_message": "[{\"changed\": {\"fields\": [\"Image\"]}}]"}}, {"model": "admin.logentry", "pk": 89, "fields": {"action_time": "2024-06-25T19:18:53.775Z", "user": 9, "content_type": 7, "object_id": "16", "object_repr": "Werther’s Original Caramel Popcorn 150G | Storck | 14.00", "action_flag": 2, "change_message": "[{\"changed\": {\"fields\": [\"Image\"]}}]"}}, {"model": "admin.logentry", "pk": 90, "fields": {"action_time": "2024-06-25T19:19:12.410Z", "user": 9, "content_type": 7, "object_id": "15", "object_repr": "Pringles Original Crisps 155G | Pringles | 8.00", "action_flag": 2, "change_message": "[{\"changed\": {\"fields\": [\"Image\"]}}]"}}, {"model": "admin.logentry", "pk": 91, "fields": {"action_time": "2024-06-25T19:19:39.921Z", "user": 9, "content_type": 7, "object_id": "14", "object_repr": "Frosted S'Mores Pop-Tarts 8 PCS 384G | Pop Tarts | 16.00", "action_flag": 2, "change_message": "[{\"changed\": {\"fields\": [\"Image\"]}}]"}}, {"model": "admin.logentry", "pk": 92, "fields": {"action_time": "2024-06-25T19:19:53.356Z", "user": 9, "content_type": 7, "object_id": "13", "object_repr": "Pringles Pizza Crisps 155G | Pringles | 6.00", "action_flag": 2, "change_message": "[{\"changed\": {\"fields\": [\"Image\"]}}]"}}, {"model": "admin.logentry", "pk": 93, "fields": {"action_time": "2024-06-25T19:20:23.003Z", "user": 9, "content_type": 7, "object_id": "12", "object_repr": "Sour Patch Kids Extreme Sour 113g | Sour Patch | 6.00", "action_flag": 2, "change_message": "[{\"changed\": {\"fields\": [\"Image\"]}}]"}}, {"model": "admin.logentry", "pk": 94, "fields": {"action_time": "2024-06-25T19:20:31.721Z", "user": 9, "content_type": 7, "object_id": "11", "object_repr": "Paskesz Sour Sticks 100G | Paskesz | 3.00", "action_flag": 2, "change_message": "[{\"changed\": {\"fields\": [\"Image\"]}}]"}}, {"model": "admin.logentry", "pk": 95, "fields": {"action_time": "2024-06-25T19:21:03.252Z", "user": 9, "content_type": 7, "object_id": "26", "object_repr": "Osem Bamba Peanut Butter Puffs 100g | Osem | 5.00", "action_flag": 2, "change_message": "[{\"changed\": {\"fields\": [\"Image\"]}}]"}}, {"model": "admin.logentry", "pk": 96, "fields": {"action_time": "2024-06-25T19:21:20.507Z", "user": 9, "content_type": 7, "object_id": "26", "object_repr": "Osem Bamba Peanut Butter Puffs 100g | Osem | 5.00", "action_flag": 2, "change_message": "[{\"changed\": {\"fields\": [\"Image\"]}}]"}}, {"model": "admin.logentry", "pk": 97, "fields": {"action_time": "2024-06-25T20:32:27.948Z", "user": 9, "content_type": 7, "object_id": "26", "object_repr": "Osem Bamba Peanut Butter Puffs 100g | Osem | 5.00", "action_flag": 2, "change_message": "[{\"changed\": {\"fields\": [\"User\", \"Image\"]}}]"}}, {"model": "admin.logentry", "pk": 98, "fields": {"action_time": "2024-06-25T20:35:22.811Z", "user": 9, "content_type": 7, "object_id": "26", "object_repr": "Osem Bamba Peanut Butter Puffs 100g | Osem | 5.00", "action_flag": 2, "change_message": "[{\"changed\": {\"fields\": [\"Image\"]}}]"}}, {"model": "admin.logentry", "pk": 99, "fields": {"action_time": "2024-06-25T21:39:21.297Z", "user": 9, "content_type": 7, "object_id": "26", "object_repr": "Osem Bamba Peanut Butter Puffs 100g | Osem | 5.00", "action_flag": 2, "change_message": "[{\"changed\": {\"fields\": [\"Image\"]}}]"}}, {"model": "admin.logentry", "pk": 100, "fields": {"action_time": "2024-06-25T21:39:51.321Z", "user": 9, "content_type": 7, "object_id": "26", "object_repr": "Osem Bamba Peanut Butter Puffs 100g | Osem | 5.00", "action_flag": 2, "change_message": "[{\"changed\": {\"fields\": [\"Image\"]}}]"}}, {"model": "admin.logentry", "pk": 101, "fields": {"action_time": "2024-06-25T21:45:18.882Z", "user": 9, "content_type": 7, "object_id": "26", "object_repr": "Osem Bamba Peanut Butter Puffs 100g | Osem | 5.00", "action_flag": 2, "change_message": "[{\"changed\": {\"fields\": [\"Image\"]}}]"}}, {"model": "admin.logentry", "pk": 102, "fields": {"action_time": "2024-06-25T21:45:34.589Z", "user": 9, "content_type": 7, "object_id": "26", "object_repr": "Osem Bamba Peanut Butter Puffs 100g | Osem | 5.00", "action_flag": 2, "change_message": "[{\"changed\": {\"fields\": [\"Image\"]}}]"}}, {"model": "admin.logentry", "pk": 103, "fields": {"action_time": "2024-06-25T21:48:45.852Z", "user": 9, "content_type": 7, "object_id": "26", "object_repr": "Osem Bamba Peanut Butter Puffs 100g | Osem | 5.00", "action_flag": 2, "change_message": "[]"}}, {"model": "admin.logentry", "pk": 104, "fields": {"action_time": "2024-06-25T21:48:54.998Z", "user": 9, "content_type": 7, "object_id": "25", "object_repr": "Osem Bamba Hazelnut Cream Peanut Butter Snacks All Natural Corn Puffs 60 GR | Osem | 6.00", "action_flag": 2, "change_message": "[{\"changed\": {\"fields\": [\"Image\"]}}]"}}, {"model": "admin.logentry", "pk": 105, "fields": {"action_time": "2024-06-25T21:49:04.401Z", "user": 9, "content_type": 7, "object_id": "24", "object_repr": "Cheetos Crunchy Flamin Hot 240G | Cheetos | 10.00", "action_flag": 2, "change_message": "[{\"changed\": {\"fields\": [\"Image\"]}}]"}}, {"model": "admin.logentry", "pk": 106, "fields": {"action_time": "2024-06-25T21:49:14.467Z", "user": 9, "content_type": 7, "object_id": "23", "object_repr": "DORITOS  SWEET & TANGY BBQ 260G | Doritos | 15.00", "action_flag": 2, "change_message": "[{\"changed\": {\"fields\": [\"Image\"]}}]"}}, {"model": "admin.logentry", "pk": 107, "fields": {"action_time": "2024-06-25T21:49:25.441Z", "user": 9, "content_type": 7, "object_id": "22", "object_repr": "Lay's Classic Potato Chips Snacks, Gluten Free Chips, Party Size 368G | Lay's | 24.00", "action_flag": 2, "change_message": "[{\"changed\": {\"fields\": [\"Image\"]}}]"}}, {"model": "admin.logentry", "pk": 108, "fields": {"action_time": "2024-06-25T21:49:38.813Z", "user": 9, "content_type": 7, "object_id": "21", "object_repr": "Lay's Potato Chips, Cheddar & Sour Cream 219G | Lay's | 10.00", "action_flag": 2, "change_message": "[{\"changed\": {\"fields\": [\"Image\"]}}]"}}, {"model": "admin.logentry", "pk": 109, "fields": {"action_time": "2024-06-25T21:49:58.251Z", "user": 9, "content_type": 7, "object_id": "20", "object_repr": "Maltesers Popcorn Flavour (130g)  Maltesers Popcorn Flavour (130g) | Maltesers | 15.00", "action_flag": 2, "change_message": "[{\"changed\": {\"fields\": [\"Image\"]}}]"}}, {"model": "admin.logentry", "pk": 110, "fields": {"action_time": "2024-06-25T21:50:07.972Z", "user": 9, "content_type": 7, "object_id": "19", "object_repr": "Haribo Pink and White Marshmallows, Chamallows Bulk Sweets, 140g | Haribo | 9.00", "action_flag": 2, "change_message": "[{\"changed\": {\"fields\": [\"Image\"]}}]"}}, {"model": "admin.logentry", "pk": 111, "fields": {"action_time": "2024-06-25T21:50:31.556Z", "user": 9, "content_type": 7, "object_id": "18", "object_repr": "Nerds Gummy Clusters Candy, Rainbow, Resealable 227G | Nerds | 11.00", "action_flag": 2, "change_message": "[{\"changed\": {\"fields\": [\"Image\"]}}]"}}, {"model": "admin.logentry", "pk": 112, "fields": {"action_time": "2024-06-25T21:50:40.544Z", "user": 9, "content_type": 7, "object_id": "17", "object_repr": "Pop Rocks Crackling Gum 10.5G | Pop Rocks | 2.00", "action_flag": 2, "change_message": "[{\"changed\": {\"fields\": [\"Image\"]}}]"}}, {"model": "admin.logentry", "pk": 113, "fields": {"action_time": "2024-06-25T21:50:50.656Z", "user": 9, "content_type": 7, "object_id": "16", "object_repr": "Werther’s Original Caramel Popcorn 150G | Storck | 14.00", "action_flag": 2, "change_message": "[{\"changed\": {\"fields\": [\"Image\"]}}]"}}, {"model": "admin.logentry", "pk": 114, "fields": {"action_time": "2024-06-25T21:51:03.923Z", "user": 9, "content_type": 7, "object_id": "15", "object_repr": "Pringles Original Crisps 155G | Pringles | 8.00", "action_flag": 2, "change_message": "[{\"changed\": {\"fields\": [\"Image\"]}}]"}}, {"model": "admin.logentry", "pk": 115, "fields": {"action_time": "2024-06-25T21:51:21.982Z", "user": 9, "content_type": 7, "object_id": "14", "object_repr": "Frosted S'Mores Pop-Tarts 8 PCS 384G | Pop Tarts | 16.00", "action_flag": 2, "change_message": "[{\"changed\": {\"fields\": [\"Image\"]}}]"}}, {"model": "admin.logentry", "pk": 116, "fields": {"action_time": "2024-06-25T21:51:35.333Z", "user": 9, "content_type": 7, "object_id": "13", "object_repr": "Pringles Pizza Crisps 155G | Pringles | 6.00", "action_flag": 2, "change_message": "[{\"changed\": {\"fields\": [\"Image\"]}}]"}}, {"model": "admin.logentry", "pk": 117, "fields": {"action_time": "2024-06-25T21:51:47.721Z", "user": 9, "content_type": 7, "object_id": "12", "object_repr": "Sour Patch Kids Extreme Sour 113g | Sour Patch | 6.00", "action_flag": 2, "change_message": "[{\"changed\": {\"fields\": [\"Image\"]}}]"}}, {"model": "admin.logentry", "pk": 118, "fields": {"action_time": "2024-06-25T21:51:57.533Z", "user": 9, "content_type": 7, "object_id": "11", "object_repr": "Paskesz Sour Sticks 100G | Paskesz | 3.00", "action_flag": 2, "change_message": "[{\"changed\": {\"fields\": [\"Image\"]}}]"}}, {"model": "auth.user", "pk": 2, "fields": {"password": "pbkdf2_sha256$260000$kQ3qbQTr7DZRdEv7ROs4v3$HVy5sox7yT5J6nC1mjhmfSdXXskgFftw82VmbnaK/e0=", "last_login": "2021-09-11T11:29:41.167Z", "is_superuser": true, "username": "kritebhlaganbibhakar@gmail.com", "first_name": "Kritebh Lagan Bibhakar", "last_name": "", "email": "kritebhlaganbibhakar@gmail.com", "is_staff": true, "is_active": true, "date_joined": "2021-08-13T09:45:34Z", "groups": [], "user_permissions": []}}, {"model": "auth.user", "pk": 3, "fields": {"password": "pbkdf2_sha256$260000$Fw7DVVWw0pjACoHPi02vj6$YxFueyIFYi+blfiQHl2qSoOpHRcT5+kbZfPNfaFf9xw=", "last_login": "2021-09-06T18:22:06.373Z", "is_superuser": true, "username": "harsh.nishant.superstar@gmail.com", "first_name": "Kumar Harsh", "last_name": "", "email": "harsh.nishant.superstar@gmail.com", "is_staff": true, "is_active": true, "date_joined": "2021-08-16T10:38:01Z", "groups": [], "user_permissions": []}}, {"model": "auth.user", "pk": 6, "fields": {"password": "pbkdf2_sha256$260000$KRu4mvSIcDSNVZPhhXoWuh$5Gh2svyKVQ7rB0eZHvvJgY+fsMP/RVh7F/9NkhcMg6Y=", "last_login": null, "is_superuser": false, "username": "test@test.com", "first_name": "test (Updated)", "last_name": "", "email": "test@test.com", "is_staff": true, "is_active": true, "date_joined": "2021-09-03T17:33:57.081Z", "groups": [], "user_permissions": []}}, {"model": "auth.user", "pk": 7, "fields": {"password": "pbkdf2_sha256$260000$cdFXqRnCtsYqsAaNlW4C74$C6mFQv7uEbh2UUzEopUTWTtCsxTm9UMmdN4qS1rgDn0=", "last_login": null, "is_superuser": false, "username": "john@email.com", "first_name": "john", "last_name": "", "email": "", "is_staff": false, "is_active": true, "date_joined": "2021-09-12T09:27:26.526Z", "groups": [], "user_permissions": []}}, {"model": "auth.user", "pk": 8, "fields": {"password": "pbkdf2_sha256$260000$emqy4oH5cgT9VKJPWrHPsy$dAvENLcDN0npMdg3AQiZO/fP2L+Em5CbvTmUAZA0f9U=", "last_login": "2024-06-24T17:22:51.952Z", "is_superuser": true, "username": "idan@pinto.com", "first_name": "", "last_name": "", "email": "idan@pinto.com", "is_staff": true, "is_active": true, "date_joined": "2024-06-24T17:22:19.910Z", "groups": [], "user_permissions": []}}, {"model": "auth.user", "pk": 9, "fields": {"password": "pbkdf2_sha256$260000$G2ny5elOauXr5qmMdjeeVf$LAPR6jyPk2SPnaPh+0FGI9zBOkbApaoyKlI7zHdREDg=", "last_login": "2024-06-25T19:16:14.104Z", "is_superuser": true, "username": "admin@pinto.com", "first_name": "", "last_name": "", "email": "admin@pinto.com", "is_staff": true, "is_active": true, "date_joined": "2024-06-25T19:15:48.172Z", "groups": [], "user_permissions": []}}, {"model": "sessions.session", "pk": "bbiiugiz6345myskwio3large33up8d3", "fields": {"session_data": ".eJxVjEEOwiAQRe_C2hBogQ4u3XsGMgODVA0kpV0Z765NutDtf-_9lwi4rSVsnZcwJ3EWXpx-N8L44LqDdMd6azK2ui4zyV2RB-3y2hI_L4f7d1Cwl29tyQArjgbcwGkk1KCtNt7arDQMyMQj-8jZ0eRRK5fcxACYc8wEJov3B-5kOKw:1sMBeI:RcrMSiu19OFJ1_J9rYmZ4vbAC9nfe1qWf16SF2BSP4g", "expire_date": "2024-07-09T19:16:14.115Z"}}, {"model": "sessions.session", "pk": "hu8xj2wweo5qm51zm8azyl28pfz5vmaz", "fields": {"session_data": ".eJxVjDsOwjAQBe_iGln2Jv5R0nMGy7vr4ACypTipEHeHSCmgfTPzXiKmbS1x63mJM4uzAHH63TDRI9cd8D3VW5PU6rrMKHdFHrTLa-P8vBzu30FJvXxrjT6pEYeUMwVLQYE3yEw6o-EAYC3awYRBOaAAzk1otBoVsp8Q0Xnx_gDtsTf-:1mP1CX:Y2JKWCn3U_p0z3M-2Bi8VsNp8ebPxXlEItEW_ssLDDs", "expire_date": "2021-09-25T11:29:41.173Z"}}, {"model": "sessions.session", "pk": "i9wvk2ivwkv3tq4b8gi2qpjhmgcz1zka", "fields": {"session_data": ".eJxVjDsOwjAQBe_iGln2Jv5R0nMGy7vr4ACypTipEHeHSCmgfTPzXiKmbS1x63mJM4uzAHH63TDRI9cd8D3VW5PU6rrMKHdFHrTLa-P8vBzu30FJvXxrjT6pEYeUMwVLQYE3yEw6o-EAYC3awYRBOaAAzk1otBoVsp8Q0Xnx_gDtsTf-:1mFZxM:a3ZtwHPf1MQies7UTCNw2LGxh2LU9EXW7bf4ezhkrnA", "expire_date": "2021-08-30T10:35:00.823Z"}}, {"model": "sessions.session", "pk": "kd7kde418yr2hjy74fphr0eht8mt1a7n", "fields": {"session_data": ".eJxVjDsOwjAQBe_iGln2Jv5R0nMGy7vr4ACypTipEHeHSCmgfTPzXiKmbS1x63mJM4uzAHH63TDRI9cd8D3VW5PU6rrMKHdFHrTLa-P8vBzu30FJvXxrjT6pEYeUMwVLQYE3yEw6o-EAYC3awYRBOaAAzk1otBoVsp8Q0Xnx_gDtsTf-:1mETlW:kB9KzhyQbYIOR-oIxg46-4eXJNrxkzto0CltuVkNecA", "expire_date": "2021-08-27T09:46:14.008Z"}}, {"model": "sessions.session", "pk": "oakewjyzbi5v8fyvu5ldxw0ut6dakwst", "fields": {"session_data": ".eJxVjDsOwjAQBe_iGln2Jv5R0nMGy7vr4ACypTipEHeHSCmgfTPzXiKmbS1x63mJM4uzAHH63TDRI9cd8D3VW5PU6rrMKHdFHrTLa-P8vBzu30FJvXxrjT6pEYeUMwVLQYE3yEw6o-EAYC3awYRBOaAAzk1otBoVsp8Q0Xnx_gDtsTf-:1mM8TK:KvdBKfneAaWSxMNETq1ucg0VYRgYoTFofxxnno4dUV0", "expire_date": "2021-09-17T12:39:06.499Z"}}, {"model": "sessions.session", "pk": "osuued9uwarb3e42vgry8mgov1ip0s58", "fields": {"session_data": ".eJxVjDsOwjAQBe_iGln2Jv5R0nMGy7vr4ACypTipEHeHSCmgfTPzXiKmbS1x63mJM4uzAHH63TDRI9cd8D3VW5PU6rrMKHdFHrTLa-P8vBzu30FJvXxrjT6pEYeUMwVLQYE3yEw6o-EAYC3awYRBOaAAzk1otBoVsp8Q0Xnx_gDtsTf-:1mH2RB:1O_37WnayJKHuBtIvRv3MGwHhbmg_dP8jAvTTyKVpok", "expire_date": "2021-09-03T11:11:49.290Z"}}, {"model": "sessions.session", "pk": "ozg69ir78p6pmkrvrcejnmcbso67n4yq", "fields": {"session_data": ".eJxVjEEOwiAQRe_C2hBogU5duu8ZCMMMUjWQlHZlvLtt0oVu_3v_vYUP25r91njxM4mr6MXld8MQn1wOQI9Q7lXGWtZlRnko8qRNTpX4dTvdv0AOLe9vi8r2DrQLUSFDx2z1GHkPkCIXjU2KxgTGmeRYg0lIg-bB2tCpHgHE5wv0zzg4:1mNJFu:NMckQD4g6wpWy811-o6g8mx27Q-obZmZ-IhRVZQayXU", "expire_date": "2021-09-20T18:22:06.442Z"}}, {"model": "sessions.session", "pk": "pgo6wvy6p6u7anigqm6zzeezlf8fm3vu", "fields": {"session_data": ".eJxVjMsOwiAQAP-FsyEQyqMevfsNZNldpGogKe3J-O9K0oNeZybzEhH2rcS98xoXEmcRxOmXJcAH1yHoDvXWJLa6rUuSI5GH7fLaiJ-Xo_0bFOhlbNlkdLMNzKymkEyaHIFC7SFkzxrUzGQ0ebbBojOUKTn88kkDokHx_gAHtTko:1sLnP1:qgacV6W0nH1CBPw9qXMiuXQTTzrI3T5vxAHSqUJjWvY", "expire_date": "2024-07-08T17:22:51.970Z"}}, {"model": "sessions.session", "pk": "qftsxsdpa1a83ltepanwjnjjcgt70a8h", "fields": {"session_data": ".eJxVjEEOwiAQRe_C2hBogU5duu8ZCMMMUjWQlHZlvLtt0oVu_3v_vYUP25r91njxM4mr6MXld8MQn1wOQI9Q7lXGWtZlRnko8qRNTpX4dTvdv0AOLe9vi8r2DrQLUSFDx2z1GHkPkCIXjU2KxgTGmeRYg0lIg-bB2tCpHgHE5wv0zzg4:1mFxek:_kFF5ni2Dc0x4hD1ZlULLLVAJA5PXfV1ZmYX2-FFckA", "expire_date": "2021-08-31T11:53:22.793Z"}}, {"model": "sessions.session", "pk": "r9bfc9j8v3efpo6bk717gaowv333v2qy", "fields": {"session_data": ".eJxVjDsOwjAQBe_iGln2Jv5R0nMGy7vr4ACypTipEHeHSCmgfTPzXiKmbS1x63mJM4uzAHH63TDRI9cd8D3VW5PU6rrMKHdFHrTLa-P8vBzu30FJvXxrjT6pEYeUMwVLQYE3yEw6o-EAYC3awYRBOaAAzk1otBoVsp8Q0Xnx_gDtsTf-:1mMtwW:tfK--COk7ZeRsHa7GgS-0andCFXQ2Hf38nGEY34Vt_4", "expire_date": "2021-09-19T15:20:24.904Z"}}, {"model": "sessions.session", "pk": "t5vkapnt55gifeimgfyjz01626v8n8f1", "fields": {"session_data": ".eJxVjDsOwjAQBe_iGln2Jv5R0nMGy7vr4ACypTipEHeHSCmgfTPzXiKmbS1x63mJM4uzAHH63TDRI9cd8D3VW5PU6rrMKHdFHrTLa-P8vBzu30FJvXxrjT6pEYeUMwVLQYE3yEw6o-EAYC3awYRBOaAAzk1otBoVsp8Q0Xnx_gDtsTf-:1mHIgx:b_PC-Tf0J51imVzHW3bkHuoAHU7rAypLPob-lpcsgwk", "expire_date": "2021-09-04T04:33:11.741Z"}}, {"model": "base.product", "pk": 11, "fields": {"user": 8, "name": "Paskesz Sour Sticks 100G", "image": "images/sour_sticks.jpg", "brand": "Paskesz", "category": "sour", "description": "Ingredients: Sugar, Glucose-Fructose Syrup, Wheat Flour, Acids (Malic Acid, Citric Acid), Dextrose, Palm Oil, Artificial Flavors, Concentrates (Apple, Pumpkin, Tomato, Radish), Artificial Colors (Curcumin, Brilliant Blue FCF), Antioxidants (Ascorbic Acid, Tocopherol-Rich Extract). Contains: Wheat. Produced in a nut free plant.", "rating": null, "numReviews": 0, "price": "3.00", "countInStock": 50, "createdAt": "2021-09-12T07:34:24.764Z"}}, {"model": "base.product", "pk": 12, "fields": {"user": 2, "name": "Sour Patch Kids Extreme Sour 113g", "image": "images/sour_patch.jpg", "brand": "Sour Patch", "category": "sweet and sour", "description": "First they're sweet, then sour, then gone! Sour Patch Kids are delicious soft and chewy candies with the traditional Sour Patch Kids shape for a hint of mischief. This share bag is packed with the most extreme sourness of all the sour patch range!\r\n\r\nFor allergens please see ingredients listed in bold.\r\n\r\nIngredients:\r\n\r\nSugar, Invert Sugar, Corn Syrup, Modified Corn Starch, Lactic Acid, Tartaric Acid, Citric Acid, Natural And Artificial Flavouring, Colours (E129, E133, E102, E110).\r\n\r\nAllergens:\r\n\r\nWarning – E110, E129, E102 – may have an adverse affect on the activity and attention in children. \r\n\r\nWarnings: This product contains genetically modified ingredients.", "rating": null, "numReviews": 0, "price": "6.00", "countInStock": 45, "createdAt": "2021-09-12T07:37:42.364Z"}}, {"model": "base.product", "pk": 13, "fields": {"user": 8, "name": "Pringles Pizza Crisps 155G", "image": "images/pringles_pizza.jpg", "brand": "Pringles", "category": "salty", "description": "Pizza makes people happy. Pringles® make people happy. Combine the two, and your party will be known as the happiest place on earth. If morning-after cold pizza is your thing store the can in the fridge.\r\n\r\nINGREDIENTS: DRIED POTATOES, VEGETABLE OIL (CORN, COTTONSEED, HIGH OLEIC SOYBEAN, AND/OR SUNFLOWER OIL), DEGERMINATED YELLOW CORN FLOUR, CORNSTARCH, RICE FLOUR, MALTODEXTRIN, MONO- AND DIGLYCERIDES. CONTAINS 2% OR LESS OF SALT, WHEY, TOMATO POWDER, CHEDDAR CHEESE (MILK, SALT, CHEESE CULTURES, ENZYMES), MONOSODIUM GLUTAMATE, NATURAL FLAVORS, SUGAR, ONION POWDER, SPICES, COCONUT OIL, GARLIC POWDER, BUTTERMILK, CITRIC ACID, CREAM, YEAST EXTRACT, MALIC ACID, PAPRIKA EXTRACT COLOR, RED 40 LAKE, LACTIC ACID, WHEAT STARCH.", "rating": null, "numReviews": 0, "price": "6.00", "countInStock": 65, "createdAt": "2021-09-12T08:19:54.499Z"}}, {"model": "base.product", "pk": 14, "fields": {"user": 8, "name": "Frosted S'Mores Pop-Tarts 8 PCS 384G", "image": "images/pop_tarts.webp", "brand": "Pop Tarts", "category": "sweet", "description": "Chocolate and marshmallow filling camped out inside a chocolate-frosted graham cracker crust.  Odds are, they're tastiest toasted. \r\nIngredients\r\n\r\nIngredients: Enriched flour (wheat flour, niacin, reduced iron, vitamin B1 [thiamin mononitrate], vitamin B2 [riboflavin], folic acid), sugar, high fructose corn syrup, dextrose, soybean and palm oil (with TBHQ for freshness), corn syrup, whole wheat flour, bleached wheat flour, whey. Contains 2% or less of molasses, cocoa processed with alkali, cornstarch, leavening (baking soda, sodium aluminum phosphate), milk chocolate (sugar, milk, cocoa butter, chocolate), salt, modified corn starch, natural and artificial flavors, soy lecithin, gelatin, egg whites, color added, xanthan gum.", "rating": null, "numReviews": 0, "price": "16.00", "countInStock": 54, "createdAt": "2021-09-12T08:19:58.035Z"}}, {"model": "base.product", "pk": 15, "fields": {"user": 8, "name": "Pringles Original Crisps 155G", "image": "images/pringles.jpg", "brand": "Pringles", "category": "salty", "description": "When you're an original, you set the standard for how it’s done. And with the tantalizing taste of potato you'll be taking this gold standard all the way to the flavor bank. It's the one salty snack that hits the spot every time.\r\n\r\nINGREDIENTS: DRIED POTATOES, VEGETABLE OIL (CORN, COTTONSEED, HIGH OLEIC SOYBEAN, AND/OR SUNFLOWER OIL), DEGERMINATED YELLOW CORN FLOUR, CORNSTARCH, RICE FLOUR, MALTODEXTRIN, MONO- AND DIGLYCERIDES, SALT, WHEAT STARCH.", "rating": null, "numReviews": 0, "price": "8.00", "countInStock": 36, "createdAt": "2021-09-12T08:20:00.900Z"}}, {"model": "base.product", "pk": 16, "fields": {"user": 8, "name": "Werther’s Original Caramel Popcorn 150G", "image": "images/popcorn.jpg", "brand": "Storck", "category": "sweet", "description": "INGREDIENTS: SUGAR, POPCORN, GLUCOSE SYRUP (FROM WHEAT OR CORN), BUTTERFAT, CREAM, WHEY, BUTTER, CONTAINS LESS THAN 2% OF SALT, SUGAR CANE SYRUP, SUNFLOWER OIL, SOY LECITHIN, ARTIFICIAL FLAVOR.\r\n\r\nALLERGY INFORMATION: CONTAINS WHEAT, MILK AND SOY. MAY ALSO CONTAIN HAZELNUT, ALMONDS, AND OTHER TREE NUTS.", "rating": null, "numReviews": 0, "price": "14.00", "countInStock": 100, "createdAt": "2021-09-12T08:20:03.283Z"}}, {"model": "base.product", "pk": 17, "fields": {"user": 8, "name": "Pop Rocks Crackling Gum 10.5G", "image": "images/pop_rocks.jpg", "brand": "Pop Rocks", "category": "sweet", "description": "Pop rocks that turn into bubblegum\r\nretro candy\r\n10.5g\r\n\r\n\r\nIngredients\r\nSugar, Lactose (MILK), Gum Base (Soy), Maltodextrin, Citric Acid, Glycerine, Corn Syrup, Artificial flavour, Red 40, BHT (Antioxidant), Processed with Carbon Dioxide. \r\n\r\nAll products may contain traces of nuts (including peanuts), gluten and dairy. Please also note all products are prepared in areas with other products that may contain nuts (including peanuts).", "rating": null, "numReviews": 0, "price": "2.00", "countInStock": 150, "createdAt": "2021-09-12T08:20:05.473Z"}}, {"model": "base.product", "pk": 18, "fields": {"user": 8, "name": "Nerds Gummy Clusters Candy, Rainbow, Resealable 227G", "image": "images/nerds.jpg", "brand": "Nerds", "category": "SWEET & TANGY", "description": "NERDS GUMMY CLUSTERS: Contains one 8-ounce package of NERDS Rainbow Gummy Clusters\r\nGUMMY & CRUNCHY: Classic NERDS candies heaped on a delicious red gummy center to make tasty bite-sized clusters too good for words! Each NERDS gummy cluster is a crunchy, gummy, sweet explosion of strawberry, grape, orange, and lemonade flavors\r\nTRY THEM ALL: From original NERDS to NERDS Ropes to NERDS Gummy Clusters to our crunchy and chewy Big Chewy NERDS and with flavors ranging from sweet to tangy, try out all the varieties of this legendary candy.\r\nGREAT FOR SHARING: NERDS provide a delicious assortment of sweet and tangy flavors. They're an awesome way to satisfy your cravings, and they're great for sharing\r\n\r\ningredients:\r\nDextrose, Sugar, Corn Syrup, Modified Corn Starch, Gelatin, Contains 2% or Less of Malic Acid, Citric Acid, Sodium Citrate, Apple Juice Concentrate, Acacia (Gum Arabic), Natural and Artificial Flavors, Carnauba Wax, Color Added, Blue 1, Red 40, Red 40 Lake, Blue 2 Lake, Carmine (Color), Blue 1 Lake, Yellow 5 Lake.", "rating": null, "numReviews": 0, "price": "11.00", "countInStock": 70, "createdAt": "2021-09-12T08:20:07.755Z"}}, {"model": "base.product", "pk": 19, "fields": {"user": 8, "name": "Haribo Pink and White Marshmallows, Chamallows Bulk Sweets, 140g", "image": "images/marshmallows.jpg", "brand": "Haribo", "category": "sweet", "description": "Soft and Fluffy, HARIBO Chamallows Pink & White have a unique texture that melts in the mouth for an indulgent treat. Perfect for barbecue toasting, chocolate fondue and Chamallow lollipop creations.\r\n\r\nIngredients: Glucose syrup; sugar; dextrose; water; humectant: sorbitol syrup; gelatine; fruit and plant concentrate: beetroot, safflower; flavouring.", "rating": null, "numReviews": 0, "price": "9.00", "countInStock": 100, "createdAt": "2021-09-12T08:47:18.626Z"}}, {"model": "base.product", "pk": 20, "fields": {"user": 8, "name": "Maltesers Popcorn Flavour (130g)  Maltesers Popcorn Flavour (130g)", "image": "images/maltesers.jpg", "brand": "Maltesers", "category": "sweet", "description": "Share the lighter way to enjoy chocolate with the worlds much loved meltinthemouth MALTESERS popcorn featuring crisp malt centres covered with smooth milk chocolate Theyre your perfect chocolate snack partners for TV nights and gettogethers\r\n\r\nIngredients:\r\nSugar, Milk Solids, Cocoa Butter, Cocoa Mass, Malt Extract (barley), Glucose Syrup, Vegetable Fat, Maltodextrin, Emulsifiers (Soy Lecithin, 492), Wheat Gluten, Raising Agents (501, 500), Flavours, Salt, Vegetable Gum (440).", "rating": "5.00", "numReviews": 1, "price": "15.00", "countInStock": 50, "createdAt": "2021-09-12T08:47:23.555Z"}}, {"model": "base.product", "pk": 21, "fields": {"user": 8, "name": "Lay's Potato Chips, Cheddar & Sour Cream 219G", "image": "images/lays_chedder.jpg", "brand": "Lay's", "category": "salty", "description": "Tantalize your tastebuds with Lay's Potato Chips Cheddar and Sour Cream. The Lay's brand has been creating crispy, crunchy, savory snacks for over 75 years, with a variety of flavors as rich as the company's history. Every bag of of Lay's chips are crafted to the utmost standards; because each bag is sent directly from their facility, every single bag of chips are as fresh tasting as they are delicious, backed by the company's freshness guarantee. This tantalizing blend fuses one of their most popular flavors, Lay's sour cream chips, with the rich, tangy taste of cheddar cheese. The bold flavors are simply irresistible; each chip is loaded with so much creamy, cheesy goodness, they can be enjoyed without dips. The thin, crispy texture makes every chip a taste delight\r\n\r\nIngredients:\r\n\r\nPotatoes, Vegetable Oil (Sunflower, Corn, And/Or Canola Oil), Cheddar & Sour Cream Seasoning (Maltodextrin [Made from Corn], Whey, Salt, Cheddar Cheese [Milk, Cheese Cultures, Salt, Enzymes], Onion Powder, Corn Oil, Natural Flavor, Canola Oil, Buttermilk, Sour Cream [Cultured Cream, Skim Milk], Butter, Cream, Salt], Sodium Caseinate, Yeast Extract, Lactose, Citric Acid, Skim Milk, Blue Cheese [Milk, Cheese Cultures, Salt, Enzymes], Lactic Acid, Paprika Extracts, Garlic Powder, Whey Protein Isolate, Milk Protein Concentrate, Annatto Extracts, And Sunflower Oil). Contains Milk Ingredients.", "rating": null, "numReviews": 0, "price": "10.00", "countInStock": 75, "createdAt": "2021-09-12T08:47:27.078Z"}}, {"model": "base.product", "pk": 22, "fields": {"user": 8, "name": "Lay's Classic Potato Chips Snacks, Gluten Free Chips, Party Size 368G", "image": "images/lays.jpg", "brand": "Lay's", "category": "salty", "description": "Includes 1 (13oz) Party Size! bag of Lay's Classic Potato Chips\r\nIt all starts with farm-grown potatoes, cooked and seasoned to perfection.Gluten free.Kosher\r\n3 Ingredients: Potatoes, Vegetable Oil, and Salt.\r\nEvery LAY'S potato chip is perfectly crispy and delicious.\r\nHappiness in Every Bite.\r\n\r\nIngredients:\r\nPotatoes, Vegetable Oil (Sunflower, Corn and/or Canola Oil), and Salt. Potatoes, Vegetable Oil (Sunflower, Corn and/or Canola Oil), and Salt.", "rating": null, "numReviews": 0, "price": "24.00", "countInStock": 41, "createdAt": "2021-09-12T08:47:30.205Z"}}, {"model": "base.product", "pk": 23, "fields": {"user": 8, "name": "DORITOS  SWEET & TANGY BBQ 260G", "image": "images/doritos_bbq.jpg", "brand": "Doritos", "category": "SWEET & TANGY", "description": "Introducing DORITOS Tangy Sweet BBQ, a bold flavor experience that amplifies traditional BBQ sauce with sweetness, complex spices and tanginess for a bold twist on a classic. You’ve tried BBQ chips but none like this.\r\n\r\nIngredients:\r\nCorn, Vegetable Oil (Corn, Canola, and/or Sunflower Oil), Sugar, Sodium Diacetate, Tomato Powder, Salt, Dextrose, Onion Powder, Spices, Monosodium Glutamate, Molasses, Yeast Extract, Paprika, Sodium Acetate, Maltodextrin (Made from Corn), Corn Syrup Solids, Artificial Color (Yellow 6 Lake, Red 40 Lake, Blue 2 Lake), Garlic Powder, Malic Acid, Natural Flavors (Including Milk), Disodium Inosinate, and Disodium Guanylate.", "rating": null, "numReviews": 0, "price": "15.00", "countInStock": 100, "createdAt": "2021-09-12T08:47:33.031Z"}}, {"model": "base.product", "pk": 24, "fields": {"user": 8, "name": "Cheetos Crunchy Flamin Hot 240G", "image": "images/cheetos.jpg", "brand": "Cheetos", "category": "hot and salty", "description": "Ingredients:\r\nenriched corn meal (corn meal, ferrous sulfate, niacin, thiamin mononitrate, riboflavin, folic acid), vegetable oil (corn, canola, and/or sunflower oil), salt, maltodextrin (made from corn), yeast extract, monosodium glutamate, potassium salt, citric acid, sugar, artificial color (red 40 lake, yellow 6 lake, yellow 6, yellow 5), cheddar cheese (milk, cheese cultures, salt, enzymes), onion powder, whey, whey protein concentrate, garlic powder, natural flavors, buttermilk, sodium diacetate, disodium inosinate, and disodium guanylate.\r\n\r\nAllergens & Warnings:\r\nContains milk ingredients.", "rating": null, "numReviews": 0, "price": "10.00", "countInStock": 31, "createdAt": "2021-09-12T08:47:36.143Z"}}, {"model": "base.product", "pk": 25, "fields": {"user": 8, "name": "Osem Bamba Hazelnut Cream Peanut Butter Snacks All Natural Corn Puffs 60 GR", "image": "images/bamba_nugat.jpg", "brand": "Osem", "category": "sweet and salty", "description": "Bamba is a baked snack containing 50% peanuts, enriched in vitamins and iron and free of preservatives and food coloring. Due to its uniqueness, soft yet crispy, savory yet sweet. \r\n\r\nIngredients\r\n\r\nPeanuts, Corn Flour, Sugar, Vegetable Oil (Palm and Soybean Oil), Corn Starch, Hazelnuts, Cocoa, Soybean Lecithin, Calcium Carbonate, Salt, Cellulose Fibers, Artificial Flavor, Rosemary Extract. May contain: Wheat, Sesame.\r\n\r\nDirections\r\n\r\nOpen. Eat. Enjoy!\r\n\r\nLegal Disclaimer\r\n\r\nStatements regarding dietary supplements have not been evaluated by the FDA and are not intended to diagnose, treat, cure, or prevent any disease or health condition.", "rating": null, "numReviews": 0, "price": "6.00", "countInStock": 25, "createdAt": "2021-09-12T08:47:38.540Z"}}, {"model": "base.product", "pk": 26, "fields": {"user": 9, "name": "Osem Bamba Peanut Butter Puffs 100g", "image": "images/bamba_xpzUxU3.jpg", "brand": "Osem", "category": "salty", "description": "Israel's most popular peanut snack.\r\n\r\nAddicting! - Bamba is a Delicious Baked Peanut Butter Snack Puffs.\r\n\r\nBamba contains no preservatives or food coloring and is enriched with several vitamins.\r\n\r\nGreat for Babies! - Great for Introducing Babies to Peanuts, Dissolve quickly and easily in the mouth.\r\n\r\nIf you never tried Bamba before, get one and join the party! It's loved by both children and adult alike!\r\n\r\nVegan\r\n\r\nKosher\r\n\r\nServings per pack - 4\r\n\r\nIngredients: Peanut Paste (50%), Corn Grits, Palm Oil, Salt\r\n\r\nAllergen: Peanuts\r\n\r\nAllergen may be present: Soy, Wheat\r\n\r\nNet weight 100g\r\n\r\nProduct of Israel", "rating": null, "numReviews": 0, "price": "5.00", "countInStock": 50, "createdAt": "2021-09-12T08:47:40.789Z"}}, {"model": "base.review", "pk": 1, "fields": {"product": null, "user": 2, "name": "Kritebh Lagan Bibhakar", "rating": 3, "comment": "nice product", "createdAt": "2021-09-09T08:20:13.159Z"}}, {"model": "base.review", "pk": 2, "fields": {"product": null, "user": 6, "name": "test (Updated)", "rating": 3, "comment": "Good", "createdAt": "2021-09-10T09:36:28.825Z"}}, {"model": "base.review", "pk": 3, "fields": {"product": null, "user": 2, "name": "Kritebh Lagan Bibhakar", "rating": 5, "comment": "", "createdAt": "2021-09-10T16:52:01.255Z"}}, {"model": "base.review", "pk": 4, "fields": {"product": 20, "user": 8, "name": "", "rating": 5, "comment": "Amazing snack!", "createdAt": "2024-06-25T22:10:59.214Z"}}, {"model": "base.order", "pk": 10, "fields": {"user": 2, "paymentMethod": "PayPal", "taxPrice": "1065.92", "shippingPrice": "0.00", "totalPrice": "14064.92", "isPaid": true, "paidAt": "2021-08-28T17:57:30Z", "isDeliver": true, "deliveredAt": "2021-09-08T18:30:55.143Z", "createdAt": "2021-08-28T11:49:27.118Z"}}, {"model": "base.order", "pk": 11, "fields": {"user": 3, "paymentMethod": "PayPal", "taxPrice": "1065.92", "shippingPrice": "0.00", "totalPrice": "14064.92", "isPaid": true, "paidAt": "2021-09-03T12:40:59Z", "isDeliver": true, "deliveredAt": "2021-09-08T18:41:07.032Z", "createdAt": "2021-09-03T04:54:32.669Z"}}, {"model": "base.order", "pk": 12, "fields": {"user": 2, "paymentMethod": "PayPal", "taxPrice": "29520.00", "shippingPrice": "0.00", "totalPrice": "389520.00", "isPaid": true, "paidAt": "2021-09-05T16:39:59.281Z", "isDeliver": true, "deliveredAt": "2021-09-08T18:41:20.223Z", "createdAt": "2021-09-05T16:38:19.642Z"}}, {"model": "base.order", "pk": 13, "fields": {"user": 3, "paymentMethod": "PayPal", "taxPrice": "14760.00", "shippingPrice": "0.00", "totalPrice": "194760.00", "isPaid": false, "paidAt": null, "isDeliver": false, "deliveredAt": null, "createdAt": "2021-09-08T17:42:19.897Z"}}, {"model": "base.order", "pk": 14, "fields": {"user": 2, "paymentMethod": "PayPal", "taxPrice": "2131.84", "shippingPrice": "0.00", "totalPrice": "28129.84", "isPaid": true, "paidAt": "2021-09-10T16:50:10.509Z", "isDeliver": true, "deliveredAt": "2021-09-10T16:50:24.716Z", "createdAt": "2021-09-10T16:48:55.422Z"}}, {"model": "base.order", "pk": 15, "fields": {"user": 2, "paymentMethod": "PayPal", "taxPrice": "295.12", "shippingPrice": "0.00", "totalPrice": "3894.12", "isPaid": true, "paidAt": "2021-09-12T13:16:32.572Z", "isDeliver": false, "deliveredAt": null, "createdAt": "2021-09-12T13:15:51.404Z"}}, {"model": "base.order", "pk": 16, "fields": {"user": 2, "paymentMethod": "PayPal", "taxPrice": "295.12", "shippingPrice": "0.00", "totalPrice": "3894.12", "isPaid": false, "paidAt": null, "isDeliver": false, "deliveredAt": null, "createdAt": "2021-09-12T13:21:16.614Z"}}, {"model": "base.orderitem", "pk": 1, "fields": {"product": null, "order": null, "name": "Cannon EOS 80D DSLR Camera", "qty": 5, "price": "85000.00", "image": "/images/camera.jpg"}}, {"model": "base.orderitem", "pk": 2, "fields": {"product": null, "order": null, "name": "Airpods Wireless Bluetooth Headphones", "qty": 1, "price": "12999.00", "image": "/images/airpods.jpg"}}, {"model": "base.orderitem", "pk": 3, "fields": {"product": null, "order": null, "name": "Cannon EOS 80D DSLR Camera", "qty": 5, "price": "85000.00", "image": "/images/camera.jpg"}}, {"model": "base.orderitem", "pk": 4, "fields": {"product": null, "order": null, "name": "Airpods Wireless Bluetooth Headphones", "qty": 1, "price": "12999.00", "image": "/images/airpods.jpg"}}, {"model": "base.orderitem", "pk": 5, "fields": {"product": null, "order": null, "name": "Cannon EOS 80D DSLR Camera", "qty": 5, "price": "85000.00", "image": "/images/camera.jpg"}}, {"model": "base.orderitem", "pk": 6, "fields": {"product": null, "order": null, "name": "Airpods Wireless Bluetooth Headphones", "qty": 1, "price": "12999.00", "image": "/images/airpods.jpg"}}, {"model": "base.orderitem", "pk": 7, "fields": {"product": null, "order": null, "name": "Cannon EOS 80D DSLR Camera", "qty": 2, "price": "85000.00", "image": "/images/camera.jpg"}}, {"model": "base.orderitem", "pk": 8, "fields": {"product": null, "order": null, "name": "Logitech G-Series Gaming Mouse", "qty": 4, "price": "3499.00", "image": "/images/mouse.jpg"}}, {"model": "base.orderitem", "pk": 9, "fields": {"product": null, "order": null, "name": "Airpods Wireless Bluetooth Headphones", "qty": 1, "price": "12999.00", "image": "/images/airpods.jpg"}}, {"model": "base.orderitem", "pk": 10, "fields": {"product": null, "order": null, "name": "Cannon EOS 80D DSLR Camera", "qty": 2, "price": "85000.00", "image": "/images/camera.jpg"}}, {"model": "base.orderitem", "pk": 11, "fields": {"product": null, "order": null, "name": "Logitech G-Series Gaming Mouse", "qty": 4, "price": "3499.00", "image": "/images/mouse.jpg"}}, {"model": "base.orderitem", "pk": 12, "fields": {"product": null, "order": null, "name": "Airpods Wireless Bluetooth Headphones", "qty": 1, "price": "12999.00", "image": "/images/airpods.jpg"}}, {"model": "base.orderitem", "pk": 13, "fields": {"product": null, "order": null, "name": "Cannon EOS 80D DSLR Camera", "qty": 2, "price": "85000.00", "image": "/images/camera.jpg"}}, {"model": "base.orderitem", "pk": 14, "fields": {"product": null, "order": null, "name": "Logitech G-Series Gaming Mouse", "qty": 4, "price": "3499.00", "image": "/images/mouse.jpg"}}, {"model": "base.orderitem", "pk": 15, "fields": {"product": null, "order": null, "name": "Airpods Wireless Bluetooth Headphones", "qty": 1, "price": "12999.00", "image": "/images/airpods.jpg"}}, {"model": "base.orderitem", "pk": 16, "fields": {"product": null, "order": null, "name": "Airpods Wireless Bluetooth Headphones", "qty": 1, "price": "12999.00", "image": "/images/airpods.jpg"}}, {"model": "base.orderitem", "pk": 17, "fields": {"product": null, "order": null, "name": "Sony Playstation 4 Pro White Version", "qty": 1, "price": "29999.00", "image": "/images/playstation.jpg"}}, {"model": "base.orderitem", "pk": 18, "fields": {"product": null, "order": null, "name": "Airpods Wireless Bluetooth Headphones", "qty": 1, "price": "12999.00", "image": "/images/airpods.jpg"}}, {"model": "base.orderitem", "pk": 19, "fields": {"product": null, "order": 10, "name": "Airpods Wireless Bluetooth Headphones", "qty": 1, "price": "12999.00", "image": "/images/airpods.jpg"}}, {"model": "base.orderitem", "pk": 20, "fields": {"product": null, "order": 11, "name": "Airpods Wireless Bluetooth Headphones", "qty": 1, "price": "12999.00", "image": "/images/airpods.jpg"}}, {"model": "base.orderitem", "pk": 21, "fields": {"product": null, "order": 12, "name": "iPhone 11 Pro 256GB Memory", "qty": 4, "price": "90000.00", "image": "/images/phone.jpg"}}, {"model": "base.orderitem", "pk": 22, "fields": {"product": null, "order": 13, "name": "iPhone 11 Pro 256GB Memory", "qty": 2, "price": "90000.00", "image": "/images/phone.jpg"}}, {"model": "base.orderitem", "pk": 23, "fields": {"product": null, "order": 14, "name": "Airpods Wireless Bluetooth Headphones", "qty": 2, "price": "12999.00", "image": "/images/airpods.jpg"}}, {"model": "base.orderitem", "pk": 24, "fields": {"product": 26, "order": 15, "name": "Dragon Ball Super - Son Goku & Vegeta Figure", "qty": 1, "price": "3599.00", "image": "/media/images/goku_veg_figure_QlqybCK.jpg"}}, {"model": "base.orderitem", "pk": 25, "fields": {"product": 26, "order": 16, "name": "Dragon Ball Super - Son Goku & Vegeta Figure", "qty": 1, "price": "3599.00", "image": "/media/images/goku_veg_figure_QlqybCK.jpg"}}, {"model": "base.shippingaddress", "pk": 10, "fields": {"order": 10, "address": "Patna", "city": "Patna", "postalCode": "811311", "country": "India", "shippingPrice": null}}, {"model": "base.shippingaddress", "pk": 11, "fields": {"order": 11, "address": "22-B Baker Street", "city": "New York", "postalCode": "1001", "country": "USA", "shippingPrice": null}}, {"model": "base.shippingaddress", "pk": 12, "fields": {"order": 12, "address": "LKR", "city": "LKR", "postalCode": "811311", "country": "IN", "shippingPrice": null}}, {"model": "base.shippingaddress", "pk": 13, "fields": {"order": 13, "address": "India", "city": "Patna", "postalCode": "800000", "country": "India", "shippingPrice": null}}, {"model": "base.shippingaddress", "pk": 14, "fields": {"order": 14, "address": "Patna", "city": "Patna", "postalCode": "811311", "country": "India", "shippingPrice": null}}, {"model": "base.shippingaddress", "pk": 15, "fields": {"order": 15, "address": "LKR", "city": "LKr", "postalCode": "811111", "country": "IN", "shippingPrice": null}}, {"model": "base.shippingaddress", "pk": 16, "fields": {"order": 16, "address": "IN", "city": "In", "postalCode": "In", "country": "in", "shippingPrice": null}}]